,gameid,url,league,split,date,week,game,patchno,playerid,side,position,player,team,champion,ban1,ban2,ban3,ban4,ban5,gamelength,result,k,d,a,teamkills,teamdeaths,doubles,triples,quadras,pentas,fb,fbassist,fbvictim,fbtime,kpm,okpm,ckpm,fd,fdtime,teamdragkills,oppdragkills,elementals,oppelementals,firedrakes,waterdrakes,earthdrakes,airdrakes,elders,oppelders,herald,heraldtime,ft,fttime,firstmidouter,firsttothreetowers,teamtowerkills,opptowerkills,fbaron,fbarontime,teambaronkills,oppbaronkills,dmgtochamps,dmgtochampsperminute,dmgshare,earnedgoldshare,wards,wpm,wardshare,wardkills,wcpm,visionwards,visionwardbuys,visiblewardclearrate,invisiblewardclearrate,totalgold,earnedgpm,goldspent,gspd,minionkills,monsterkills,monsterkillsownjungle,monsterkillsenemyjungle,cspm,goldat10,oppgoldat10,gdat10,goldat15,oppgoldat15,gdat15,xpat10,oppxpat10,xpdat10,csat10,oppcsat10,csdat10,csat15,oppcsat15,csdat15
3,2002860105,https://matchhistory.na.leagueoflegends.com/en/#match-details/TRLH2/2002860105?gameHash=4a9fcb220d39e584&tab=overview,WC,2018-W,43374.114826388904,PI,1,8.19,4,Blue,ADC,Sneaky,Cloud9,Kai'Sa,Vel'koz,Shen,Akali,Irelia,Braum,30.1833333333333,1,4,0,6,13,6,0,0,0,0,1,0,0,11.763633333333301,0.132523467697405,0.0331308669243512,0.629486471562673,0,10.689683333333301,1,2,0,0,0,0,0,0,0,0,1.0,,1,11.443183333333302,1,1,10,1,1.0,26.6730333333333,1,0,17262,571.90502484815,0.333050356936137,0.231802821538193,12,0.39757040309221403,0.127659574468085,10,0.331308669243512,3,4, , ,13546,317.25985643291,11150,-0.0265486725663717,288,8,4,0,9.806736609607949,3161,3151,10,5483,5082,401,3082,3402,-320,82,84,-2,138,146,-8
56,2002860113,https://matchhistory.na.leagueoflegends.com/en/#match-details/TRLH2/2002860113?gameHash=cf0de7df0947538c&tab=overview,WC,2018-W,43374.280462963,PI,1,8.19,9,Red,ADC,Sneaky,Cloud9,Kai'Sa,Heimerdinger,Camille,Akali,Skarner,Nocturne,43.5166666666667,1,6,1,4,18,14,1,0,0,0,0,0,0,5.9582,0.137878207583301,0.0919188050555343,0.7353504404442741,1,11.8015,3,2,2,0,1,0,0,1,0,0,0.0,,0,14.083416666666698,0,0,8,9,0.0,23.2678,1,2,31227,717.587131367292,0.325851490107688,0.262625517760763,10,0.229797012638836,0.072463768115942,9,0.20681731137495202,3,3, , ,18993,307.720260436614,17175,-0.10351966873706,376,52,37,0,9.83531214094217,3309,3450,-141,5147,5554,-407,3029,3510,-481,88,97,-9,149,146,3
68,2002860116,https://matchhistory.na.leagueoflegends.com/en/#match-details/TRLH2/2002860116?gameHash=b2247ea535b6dc2f&tab=overview,WC,2018-W,43374.3273726852,PI,1,8.19,9,Red,ADC,Fix,Kaos Latin Gamers,Kai'Sa,Rakan,Poppy,Aatrox,Tristana,Ornn,29.75,0,1,2,0,3,13,0,0,0,0,0,0,0,5.15176666666667,0.0336134453781513,0.13445378151260498,0.5378151260504199,0,11.475116666666699,1,2,0,0,0,0,0,0,0,0,0.0,,0,14.945516666666698,0,0,0,10,0.0,28.131883333333302,0,1,9568,321.613445378151,0.252487135506003,0.249591759829167,9,0.30252100840336105,0.109756097560976,11,0.369747899159664,2,3, , ,9878,200.36974789916002,9425,-0.362649294245385,256,0,0,0,8.605042016806719,3425,3793,-368,5032,5931,-899,3162,3492,-330,78,91,-13,123,146,-23
75,2002860144,https://matchhistory.na.leagueoflegends.com/en/#match-details/TRLH2/2002860144?gameHash=a66dbdd7c8604c14&tab=overview,WC,2018-W,43375.1112037037,PI,2,8.19,4,Blue,ADC,iBOY,Edward Gaming,Kai'Sa,Ryze,Urgot,Alistar,Braum,Cho'gath,25.483333333333302,1,9,1,2,20,2,3,0,0,0,0,0,0,2.9219833333333303,0.353172007848267,0.039241334205363,0.863309352517986,0,11.478433333333301,2,0,0,0,0,0,0,0,0,0,1.0,,1,13.550966666666698,1,1,9,0,1.0,22.7520333333333,1,0,15422,605.179856115108,0.315346079133013,0.273459971107613,12,0.47089601046435603,0.164383561643836,13,0.5101373446697189,5,5, , ,13541,398.15199476782203,11725,0.292837936934735,217,25,13,12,9.49640287769784,4244,3350,894,7264,5637,1627,3508,3403,105,92,93,-1,138,137,1
104,2002860160,https://matchhistory.na.leagueoflegends.com/en/#match-details/TRLH2/2002860160?gameHash=aa70d40d39d8148b&tab=overview,WC,2018-W,43375.1921990741,PI,2,8.19,9,Red,ADC,Renyu,Infinity Esports,Kai'Sa,Akali,Urgot,LeBlanc,Cassiopeia,Malzahar,34.25,0,1,1,1,4,9,0,0,0,0,0,0,0,3.43468333333333,0.0291970802919708,0.11678832116788301,0.37956204379562,0,9.09635,2,2,0,0,0,0,0,0,0,0,1.0,,0,16.9004,0,1,3,9,0.0,24.885733333333302,0,2,13580,396.496350364964,0.320313237097839,0.260319042871386,14,0.408759124087591,0.110236220472441,11,0.32116788321167894,4,4, , ,12823,243.947445255474,12450,-0.0846153846153846,326,22,21,0,10.1605839416058,3481,3324,157,5456,5277,179,3494,3508,-14,99,87,12,159,147,12
111,2002860167,https://matchhistory.na.leagueoflegends.com/en/#match-details/TRLH2/2002860167?gameHash=86131840524d9259&tab=overview,WC,2018-W,43375.2330208333,PI,2,8.19,4,Blue,ADC,Niksar,Ascension Gaming,Kai'Sa,Aatrox,Akali,Skarner,Zoe,Varus,29.533333333333303,0,0,2,1,4,9,0,0,0,0,0,0,0,6.5919,0.0,0.0338600451467269,0.440180586907449,1,12.808416666666698,2,1,1,0,0,0,0,1,0,0,,,1,15.0974,1,0,1,8,0.0,27.893366666666697,0,1,6834,231.39954853273102,0.159781160131865,0.19214001257598,13,0.440180586907449,0.1625,4,0.13544018058690702,4,4, , ,9024,173.821218961625,8700,-0.348754448398576,237,6,2,0,8.227990970654629,3028,3321,-293,4561,5737,-1176,2904,2867,37,70,88,-18,122,155,-33
128,2002860177,https://matchhistory.na.leagueoflegends.com/en/#match-details/TRLH2/2002860177?gameHash=d744d596505824d1&tab=overview,WC,2018-W,43375.269456018505,PI,2,8.19,9,Red,ADC,iBOY,Edward Gaming,Kai'Sa,Azir,Urgot,Aatrox,Nocturne,Olaf,33.0833333333333,1,5,2,1,11,7,1,1,0,0,0,0,0,11.01695,0.15113350125944597,0.0604534005037783,0.544080604534005,0,13.280366666666698,2,1,0,0,0,0,0,0,0,0,1.0,,1,12.448483333333302,1,1,10,3,1.0,22.704783333333303,2,0,13092,395.727959697733,0.312809117625977,0.253219553495834,12,0.36272040302267,0.1,17,0.513853904282116,3,3, , ,15690,343.52644836272003,13625,0.0373831775700935,319,50,35,11,11.1536523929471,3438,3470,-32,5390,5710,-320,3300,3404,-104,97,96,1,157,162,-5
140,2002860183,https://matchhistory.na.leagueoflegends.com/en/#match-details/TRLH2/2002860183?gameHash=6cea35434383c75d&tab=overview,WC,2018-W,43375.310138888904,PI,2,8.19,9,Red,ADC,Hjarnan,G2 Esports,Kai'Sa,LeBlanc,Xayah,Irelia,Olaf,Jax,26.783333333333303,1,5,1,3,13,7,2,0,0,0,0,0,0,8.74756666666667,0.18668326073428698,0.07467330429371499,0.74673304293715,0,9.191,1,2,1,0,0,1,0,0,0,0,0.0,,0,11.15235,0,1,10,2,1.0,22.423766666666697,1,0,9997,373.254511512134,0.23406148299033,0.273739274592827,7,0.261356565028002,0.0795454545454545,4,0.14934660858742999,1,3, , ,13329,364.97025513379,9475,0.032171581769437,248,24,4,8,10.155569383945199,3430,3440,-10,5976,5263,713,3656,2996,660,93,79,14,159,118,41
188,2002860215,https://matchhistory.na.leagueoflegends.com/en/#match-details/TRLH2/2002860215?gameHash=025021dc6eefd5b8&tab=overview,WC,2018-W,43376.2339351852,PI,3,8.19,9,Red,ADC,Sneaky,Cloud9,Kai'Sa,Vel'koz,Shen,Akali,Tahm Kench,Skarner,34.55,1,7,1,7,18,8,1,0,0,0,0,0,0,5.07123333333333,0.20260492040521,0.0578871201157742,0.752532561505065,0,8.18136666666667,3,1,1,0,0,1,0,0,0,0,0.0,,0,13.376116666666698,0,0,8,4,1.0,28.2167833333333,1,0,26510,767.293777134588,0.407188387988634,0.283893561946596,14,0.40520984081042,0.133333333333333,13,0.37626628075253293,5,6, , ,16810,356.164399421129,13850,-0.0578439964943032,304,50,30,12,10.246020260492001,3500,3216,284,5474,5908,-434,3114,3177,-63,81,85,-4,130,133,-3
200,2002860220,https://matchhistory.na.leagueoflegends.com/en/#match-details/TRLH2/2002860220?gameHash=9e052195f86da240&tab=overview,WC,2018-W,43376.2730787037,PI,3,8.19,9,Red,ADC,Stitch,G-Rex,Kai'Sa,Urgot,Akali,Varus,Irelia,Syndra,31.05,1,16,4,6,28,16,3,0,0,0,0,0,0,3.99126666666667,0.5152979066022539,0.0966183574879227,1.4170692431562,0,5.84178333333333,3,1,1,0,1,0,0,0,0,0,0.0,,0,10.904033333333302,0,0,8,6,0.0,22.571633333333303,0,1,38180,1229.62962962963,0.437457749464349,0.356971013618168,12,0.38647342995169104,0.126315789473684,9,0.289855072463768,6,6, , ,18273,457.226409017713,17250,0.3958333333333329,290,32,16,4,10.3703703703704,3826,3096,730,7167,4849,2318,3053,2655,398,83,62,21,130,107,23
224,2002860234,https://matchhistory.na.leagueoflegends.com/en/#match-details/TRLH2/2002860234?gameHash=75514dacbebfb2b0&tab=overview,WC,2018-W,43376.3545833333,PI,3,8.19,9,Red,ADC,TitaN,KaBuM e-Sports,Kai'Sa,Camille,Heimerdinger,Tahm Kench,Ziggs,Zoe,24.1,0,0,0,0,0,7,0,0,0,0,0,0,0,9.81203333333333,0.0,0.0829875518672199,0.29045643153527,0,10.0925166666667,1,1,0,0,0,0,0,0,0,0,1.0,,0,18.0806,0,1,4,9,0.0,20.7913833333333,0,1,5859,243.112033195021,0.254573104497067,0.238432901620393,12,0.497925311203319,0.17910447761194,6,0.24896265560166,6,6, , ,8093,201.97344398340198,8160,-0.0848442175673297,218,4,0,0,9.21161825726141,3462,3642,-180,5191,5457,-266,3364,3167,197,100,89,11,152,141,11
248,2002860252,https://matchhistory.na.leagueoflegends.com/en/#match-details/TRLH2/2002860252?gameHash=cf26f5a499b60521&tab=overview,WC,2018-W,43377.1554513889,PI,4,8.19,9,Red,ADC,iBOY,Edward Gaming,Kai'Sa,Urgot,Skarner,Aatrox,Olaf,Ornn,28.3166666666667,0,1,3,5,11,15,0,0,0,0,0,0,0,5.40368333333333,0.0353148911124191,0.176574455562095,0.918187168922896,0,9.28298333333333,2,1,0,0,0,0,0,0,0,0,1.0,,1,13.447133333333301,1,1,4,6,0.0,25.9501166666667,0,1,6857,242.154208357858,0.124720347769148,0.250679859811853,9,0.31783402001177197,0.101123595505618,12,0.42377869334902896,4,4, , ,11352,268.761859917599,11100,0.0699300699300699,257,22,9,4,9.85285462036492,3583,3031,552,5972,5220,752,3273,2925,348,94,76,18,143,119,24
267,2002860267,https://matchhistory.na.leagueoflegends.com/en/#match-details/TRLH2/2002860267?gameHash=6e8b8f3c84120b50&tab=overview,WC,2018-W,43377.234803240695,PI,4,8.19,4,Blue,ADC,Renyu,Infinity Esports,Kai'Sa,Azir,Ornn,Akali,Xin Zhao,Gragas,35.0833333333333,1,11,2,5,24,13,2,1,1,1,0,0,0,6.1674833333333305,0.31353919239905,0.0855106888361045,1.05463182897862,0,22.8024,2,0,0,0,0,0,0,0,0,0,1.0,,1,13.509416666666699,1,1,9,0,1.0,31.49165,1,0,31002,883.6674584323039,0.328143357642601,0.263817218312918,14,0.39904988123515395,0.141414141414141,8,0.22802850356294502,3,4, , ,16717,346.23847980997596,14070,0.0321357645784438,289,16,12,0,8.69358669833729,3237,3576,-339,5423,5914,-491,3118,3295,-177,84,103,-19,132,146,-14
279,2002860275,https://matchhistory.na.leagueoflegends.com/en/#match-details/TRLH2/2002860275?gameHash=a4fff3d994906498&tab=overview,WC,2018-W,43377.274525463,PI,4,8.19,4,Blue,ADC,Hjarnan,G2 Esports,Kai'Sa,Ryze,Tahm Kench,LeBlanc,Irelia,Lucian,26.65,1,9,0,3,22,9,2,1,0,0,0,0,0,5.49511666666667,0.33771106941838697,0.0375234521575985,1.16322701688555,0,12.081733333333302,2,0,0,0,0,0,0,0,0,0,0.0,,1,10.7572,1,1,11,0,1.0,23.99415,1,0,15867,595.384615384615,0.266193567869546,0.288175186764188,11,0.41275797373358397,0.12941176470588198,10,0.37523452157598497,4,5, , ,15326,442.342964352721,13200,0.540293480875631,247,27,9,10,10.281425891182,3863,3312,551,6896,4706,2190,3932,3700,232,100,93,7,165,134,31
291,2002860283,https://matchhistory.na.leagueoflegends.com/en/#match-details/TRLH2/2002860283?gameHash=58372f121c785fa1&tab=overview,WC,2018-W,43377.30875,PI,4,8.19,4,Blue,ADC,iBOY,Edward Gaming,Kai'Sa,Urgot,Ornn,Nocturne,Galio,Lissandra,24.1166666666667,1,8,0,4,18,2,1,1,0,0,0,1,0,1.8781833333333302,0.331720801658604,0.0,0.8293020041465101,0,10.17315,3,0,0,0,0,0,0,0,0,0,1.0,,1,13.454566666666699,1,1,10,0,1.0,22.0879833333333,1,0,16848,698.60400829302,0.333564315270546,0.291560026057481,10,0.41465100207325506,0.178571428571429,8,0.331720801658604,3,3, , ,13790,437.97595024187996,10825,0.415620641562064,242,21,9,4,10.905321354526599,3643,2950,693,6540,4819,1721,3090,2943,147,93,70,23,153,129,24
315,2002860309,https://matchhistory.na.leagueoflegends.com/en/#match-details/TRLH2/2002860309?gameHash=b2f1cb2b443e7947&tab=overview,WC,2018-W,43378.9235763889,PI-KO,1,8.19,4,Blue,ADC,Sneaky,Cloud9,Kai'Sa,Sion,Gragas,Taliyah,LeBlanc,Syndra,26.6666666666667,1,4,0,6,13,5,1,1,0,0,0,1,0,6.20243333333333,0.15,0.0,0.675,0,9.977133333333331,1,2,0,0,0,0,0,0,0,0,0.0,,1,11.362683333333301,0,1,10,1,1.0,22.178533333333302,1,0,12333,462.4875,0.233019063993803,0.257869127516779,9,0.3375,0.11392405063291099,5,0.1875,2,2, , ,12761,345.8025,9700,0.10298102981029801,244,4,4,0,9.3,3506,3401,105,5262,5103,159,3094,3361,-267,91,94,-3,140,142,-2
332,2002860318,https://matchhistory.na.leagueoflegends.com/en/#match-details/TRLH2/2002860318?gameHash=7c1486dd0936b9f6&tab=overview,WC,2018-W,43378.9879282407,PI-KO,2,8.19,9,Red,ADC,Sneaky,Cloud9,Kai'Sa,Sion,Gragas,Taliyah,Olaf,Skarner,36.1333333333333,0,0,3,3,6,18,0,0,0,0,0,0,0,7.88153333333333,0.0,0.166051660516605,0.664206642066421,0,10.12055,0,4,0,0,0,0,0,0,0,0,0.0,,0,11.920783333333302,0,0,3,8,1.0,30.7795666666667,1,0,20458,566.1808118081179,0.234524027879677,0.239371618163731,8,0.22140221402214003,0.0701754385964912,16,0.44280442804428005,1,3, , ,13024,230.415498154982,12750,-0.18343722172751603,279,25,18,0,8.41328413284133,2954,3863,-909,5051,6762,-1711,3282,3550,-268,74,100,-26,130,149,-19
363,2002860322,https://matchhistory.na.leagueoflegends.com/en/#match-details/TRLH2/2002860322?gameHash=5ac05eef2140db84&tab=overview,WC,2018-W,43379.1023842593,PI-KO,5,8.19,4,Blue,ADC,Sneaky,Cloud9,Kai'Sa,Tahm Kench,Anivia,Varus,Sion,Poppy,29.3833333333333,1,6,1,5,17,8,0,0,0,0,0,0,0,6.37605,0.20419739081111699,0.0,0.850822461712989,0,3.27501666666667,1,3,0,0,0,0,0,0,0,0,1.0,,1,11.0739666666667,0,1,10,1,1.0,24.7529166666667,1,0,18533,630.731707317073,0.326578441910871,0.25501085321456,9,0.30629608621667603,0.0978260869565217,10,0.34032898468519607,2,3, , ,14281,354.244356211004,13225,0.4127708095781071,255,22,8,10,9.427112875779919,3752,3058,694,6022,4683,1339,3099,3103,-4,82,78,4,142,127,15
380,2002860324,https://matchhistory.na.leagueoflegends.com/en/#match-details/TRLH2/2002860324?gameHash=7ef9ea247537beaa&tab=overview,WC,2018-W,43379.135902777794,PI-KO,1,8.19,9,Red,ADC,iBOY,Edward Gaming,Kai'Sa,Urgot,Tahm Kench,Aatrox,Varus,Olaf,27.7,1,6,0,4,20,2,1,0,0,0,1,0,0,3.68791666666667,0.216606498194946,0.0,0.794223826714802,0,8.4582,3,0,0,0,0,0,0,0,0,0,1.0,,1,7.9173,1,1,9,3,1.0,25.47895,1,0,14816,534.873646209386,0.334681153854842,0.279861780614782,11,0.397111913357401,0.115789473684211,20,0.72202166064982,3,3, , ,14697,398.228158844765,12375,0.2,276,43,28,11,11.5162454873646,4746,3224,1522,7154,5122,2032,3784,3250,534,87,69,18,147,125,22
411,2002860339,https://matchhistory.na.leagueoflegends.com/en/#match-details/TRLH2/2002860339?gameHash=9f42f99a762c0076&tab=overview,WC,2018-W,43379.9277777778,PI-KO,1,8.19,4,Blue,ADC,Hjarnan,G2 Esports,Kai'Sa,Ryze,Nocturne,Rakan,Irelia,Lucian,41.816666666666706,0,4,3,4,11,10,1,1,0,0,0,1,0,6.93478333333333,0.0956556396970905,0.143483459545636,0.502192108409725,0,11.15055,1,4,0,0,0,0,0,0,0,1,1.0,,0,9.54671666666667,0,0,4,8,0.0,34.2340166666667,0,1,23352,558.437624551614,0.268803094136335,0.245637008989798,8,0.19131127939418102,0.0459770114942529,10,0.239139099242726,2,2, , ,16176,257.840733359904,15600,-0.0111553784860558,343,38,32,0,9.111199681147868,3404,3893,-489,5133,6157,-1024,3148,3234,-86,85,95,-10,138,152,-14
428,2002860351,https://matchhistory.na.leagueoflegends.com/en/#match-details/TRLH2/2002860351?gameHash=4ca14bb40dd76404&tab=overview,WC,2018-W,43379.9958101852,PI-KO,2,8.19,9,Red,ADC,Hjarnan,G2 Esports,Kai'Sa,Nocturne,Rakan,Ryze,Gragas,Skarner,25.5666666666667,1,3,0,4,12,2,0,0,0,0,0,1,0,2.5097,0.117340286831812,0.0,0.547588005215124,0,16.38855,2,0,0,0,0,0,0,0,0,0,0.0,,1,15.766416666666698,1,1,9,1,1.0,23.9666,1,0,10533,411.98174706649297,0.202885430310502,0.240481820107516,6,0.23468057366362502,0.0857142857142857,8,0.31290743155149897,2,3, , ,11806,328.593481095176,8575,-0.0371959942775393,238,7,0,1,9.58279009126467,3334,3093,241,5995,5323,672,3346,3135,211,81,79,2,127,128,-1
435,2002860352,https://matchhistory.na.leagueoflegends.com/en/#match-details/TRLH2/2002860352?gameHash=bd1464a3eb49f110&tab=overview,WC,2018-W,43380.0270833333,PI-KO,3,8.19,4,Blue,ADC,Hjarnan,G2 Esports,Kai'Sa,Ryze,Nocturne,Gragas,LeBlanc,Lee Sin,42.4833333333333,1,7,1,11,24,15,1,1,0,0,0,0,0,3.09941666666667,0.164770498234602,0.117693213024716,0.9180070615927809,0,17.410683333333303,2,1,0,0,0,0,0,0,0,0,1.0,,1,13.911766666666699,1,1,11,4,0.0,26.242816666666698,2,1,34926,822.1106316202431,0.299095673620388,0.250827141430994,15,0.353079639074147,0.107142857142857,18,0.423695566888976,2,2, , ,19998,341.83852491172996,18050,-0.252239167271847,343,43,20,15,9.08591604550804,3370,3353,17,5180,5679,-499,3287,3118,169,92,92,0,144,154,-10
447,2002860354,https://matchhistory.na.leagueoflegends.com/en/#match-details/TRLH2/2002860354?gameHash=5ae67c5da6dd7921&tab=overview,WC,2018-W,43380.071238425895,PI-KO,4,8.19,4,Blue,ADC,Renyu,Infinity Esports,Kai'Sa,Heimerdinger,Akali,Aatrox,Camille,Lee Sin,40.55,0,3,3,7,14,18,0,0,0,0,0,0,0,5.70885,0.0739827373612824,0.123304562268804,0.7891491985203449,0,13.49985,3,1,0,0,0,0,0,0,0,0,1.0,,0,12.61175,1,1,10,7,1.0,31.5837166666667,2,0,25881,638.249075215783,0.328172550213025,0.232148010361073,20,0.493218249075216,0.127388535031847,16,0.394574599260173,8,8, , ,15922,263.45450061652303,15960,-0.0616365568544102,289,36,28,4,8.01479654747226,3189,3405,-216,5430,5783,-353,3298,3900,-602,85,95,-10,123,164,-41
464,2002860356,https://matchhistory.na.leagueoflegends.com/en/#match-details/TRLH2/2002860356?gameHash=2bc84eec8961c246&tab=overview,WC,2018-W,43380.1105671296,PI-KO,1,8.19,9,Red,ADC,Zeitnot,SuperMassive,Kai'Sa,Syndra,Urgot,Aatrox,Yasuo,Irelia,30.15,1,12,0,1,16,3,3,3,2,1,0,0,0,4.0506,0.398009950248756,0.0,0.630182421227197,0,15.0396166666667,3,0,0,0,0,0,0,0,0,0,1.0,,1,17.3188833333333,1,1,9,1,1.0,25.065233333333303,1,0,13539,449.05472636815904,0.269432835820895,0.304707507784107,10,0.33167495854063,0.10416666666666699,7,0.23217247097844101,4,5, , ,16140,403.78242122719706,14335,0.35627696733100506,292,24,13,4,10.480928689883902,3276,3456,-180,5239,5442,-203,3197,3539,-342,87,97,-10,149,160,-11
476,2002860363,https://matchhistory.na.leagueoflegends.com/en/#match-details/TRLH2/2002860363?gameHash=75263cbab11c6dce&tab=overview,WC,2018-W,43380.1520717593,PI-KO,2,8.19,9,Red,ADC,Stitch,G-Rex,Kai'Sa,Tahm Kench,Varus,Sion,Olaf,Galio,37.3,1,10,2,4,17,13,2,1,0,0,0,0,0,7.40813333333333,0.268096514745308,0.134048257372654,0.804289544235925,0,5.9011333333333305,1,4,0,0,0,0,0,0,0,0,0.0,,0,11.038183333333302,0,0,5,8,1.0,23.42765,1,1,28929,775.5764075067019,0.415975267812208,0.369132964409829,13,0.348525469168901,0.10077519379844999,13,0.348525469168901,3,3, , ,19903,403.80375335120596,18825,0.151428571428571,389,54,32,0,11.8766756032172,3412,3225,187,5267,5083,184,3343,3310,33,95,94,1,152,137,15
483,2002860365,https://matchhistory.na.leagueoflegends.com/en/#match-details/TRLH2/2002860365?gameHash=7384ad55310d3cc3&tab=overview,WC,2018-W,43380.1917361111,PI-KO,3,8.19,4,Blue,ADC,Stitch,G-Rex,Kai'Sa,Tahm Kench,Varus,Rakan,LeBlanc,Galio,37.4,1,6,3,9,18,12,2,0,0,0,0,1,0,8.53298333333333,0.16042780748663096,0.106951871657754,0.8021390374331551,0,13.594233333333301,2,2,0,1,0,0,0,0,0,0,1.0,,1,17.4187,1,1,9,1,1.0,26.896233333333303,2,0,24828,663.850267379679,0.362818021072321,0.301091997139485,14,0.374331550802139,0.1,15,0.401069518716578,5,6, , ,18579,366.995721925134,17650,0.126185815389249,327,42,29,6,9.86631016042781,3308,3336,-28,5296,5918,-622,3370,3522,-152,83,91,-8,138,143,-5
512,1002490120,https://matchhistory.na.leagueoflegends.com/en/#match-details/TRLH4/1002490120?gameHash=f135eab7520c7589&tab=overview,WC,2018-W,43383.0891782407,G,1,8.19,9,Red,ADC,Doublelift,Team Liquid,Kai'Sa,Irelia,Alistar,Akali,Taliyah,Camille,32.883333333333304,0,1,1,2,4,14,0,0,0,0,0,1,0,4.98336666666667,0.0304105423213381,0.12164216928535199,0.547389761784085,0,10.0578833333333,3,1,0,1,0,0,0,0,0,0,0.0,,0,17.2012833333333,0,0,2,10,0.0,23.66795,0,1,11197,340.506842372022,0.279512718739859,0.280926563543861,14,0.42574759249873295,0.10218978102189802,12,0.364926507856057,5,5, , ,13047,265.985200202737,12675,-0.00785854616895874,336,28,24,4,11.0694374049671,3442,3336,106,5239,4960,279,3291,3188,103,78,91,-13,135,137,-2
536,1002490142,https://matchhistory.na.leagueoflegends.com/en/#match-details/TRLH4/1002490142?gameHash=83c321490ffa84f2&tab=overview,WC,2018-W,43383.2147916667,G,1,8.19,9,Red,ADC,Betty,Flash Wolves,Kai'Sa,Jayce,Rakan,Kindred,Olaf,Camille,27.0833333333333,1,3,0,5,11,1,0,0,0,0,0,1,0,3.73166666666667,0.11076923076923101,0.0,0.443076923076923,0,9.3946,1,2,0,0,0,0,0,0,0,0,0.0,,1,12.84795,1,1,7,1,1.0,24.6238833333333,1,0,8358,308.603076923077,0.237936629942779,0.275530085959885,12,0.443076923076923,0.126315789473684,9,0.332307692307692,3,4, , ,12245,319.547076923077,11080,0.24917533620908397,258,17,12,0,10.1538461538462,3296,3139,157,5536,5009,527,3231,2948,283,82,84,-2,143,136,7
543,1002490152,https://matchhistory.na.leagueoflegends.com/en/#match-details/TRLH4/1002490152?gameHash=09c0087e40b1e94f&tab=overview,WC,2018-W,43383.2564583333,G,1,8.19,4,Blue,ADC,Kramer,Afreeca Freecs,Kai'Sa,Urgot,Irelia,Akali,LeBlanc,Ryze,36.033333333333296,0,1,1,1,3,7,0,0,0,0,0,0,0,3.52836666666667,0.0277520814061055,0.0555041628122109,0.277520814061055,0,20.2020333333333,1,2,0,0,0,0,0,0,0,0,,,0,18.364066666666698,0,0,2,11,0.0,31.0607,0,1,5616,155.855689176688,0.214818498259572,0.309986724736241,18,0.49953746530989795,0.13533834586466198,16,0.444033302497687,7,7, , ,15334,295.501942645698,15075,0.10765466620062901,410,26,26,0,12.099907493062,3524,3372,152,5305,5274,31,3317,3589,-272,97,95,2,150,155,-5
560,1002490164,https://matchhistory.na.leagueoflegends.com/en/#match-details/TRLH4/1002490164?gameHash=9b89bd6dce212592&tab=overview,WC,2018-W,43383.3022800926,G,1,8.19,9,Red,ADC,Sneaky,Cloud9,Kai'Sa,Irelia,Tahm Kench,Akali,Ornn,Sion,25.1666666666667,0,0,4,0,3,11,0,0,0,0,0,0,1,5.74375,0.0,0.19867549668874201,0.556291390728477,0,9.98443333333333,0,3,0,0,0,0,0,0,0,0,0.0,,0,9.32763333333333,0,0,0,10,,,0,0,5775,229.47019867549702,0.191016438990507,0.216869248560602,7,0.278145695364238,0.112903225806452,0,0.0,1,1, , ,7763,175.11258278145698,6985,-0.455073265136854,193,13,8,0,8.18543046357616,2655,4561,-1906,4453,7079,-2626,2608,3688,-1080,63,92,-29,116,156,-40
572,1002490173,https://matchhistory.na.leagueoflegends.com/en/#match-details/TRLH4/1002490173?gameHash=27939d1dd9af56ea&tab=overview,WC,2018-W,43383.340763888904,G,1,8.19,9,Red,ADC,Attila,Vitality,Kai'Sa,Xayah,Aatrox,Varus,Camille,Vel'koz,43.9833333333333,1,2,3,8,15,18,0,0,0,0,0,0,0,6.58815,0.0454717696097006,0.0454717696097006,0.7502841985600609,1,6.70038333333333,2,3,2,0,0,1,0,1,0,0,1.0,,0,14.12695,0,1,9,3,1.0,25.8608,2,0,19248,437.620310723759,0.283701323585768,0.255856983604372,14,0.318302387267904,0.0945945945945946,28,0.6366047745358089,5,5, , ,19476,314.138082607048,18375,0.13352685050798302,397,59,31,5,10.3675634710117,3382,3095,287,5058,5440,-382,3265,3198,67,95,82,13,133,130,3
579,1002490189,https://matchhistory.na.leagueoflegends.com/en/#match-details/TRLH4/1002490189?gameHash=6bfcec8d3b4f1f6e&tab=overview,WC,2018-W,43384.083969907406,G,2,8.19,4,Blue,ADC,Betty,Flash Wolves,Kai'Sa,Tahm Kench,Irelia,Rakan,Darius,Ryze,42.033333333333296,1,8,0,2,12,2,1,1,0,0,0,0,0,14.906583333333302,0.190325138778747,0.0237906423473434,0.333068992862807,0,3.81708333333333,2,3,0,0,0,0,0,0,0,0,1.0,,1,17.9669333333333,0,0,9,3,1.0,33.1793,2,0,29860,710.388580491673,0.535989947944714,0.302692818237706,20,0.475812846946868,0.11834319526627197,27,0.642347343378271,6,6, , ,20881,367.815701823949,18275,0.0811387900355872,409,64,56,0,11.252973830293401,3422,3404,18,5144,5515,-371,3615,3334,281,99,95,4,151,162,-11
596,1002490208,https://matchhistory.na.leagueoflegends.com/en/#match-details/TRLH4/1002490208?gameHash=493918a1852a79b1&tab=overview,WC,2018-W,43384.1619212963,G,2,8.19,9,Red,ADC,Hjarnan,G2 Esports,Kai'Sa,Jayce,Tahm Kench,Kindred,Irelia,Akali,34.15,0,5,2,1,10,16,1,0,0,0,0,0,0,9.1588,0.14641288433382096,0.292825768667643,0.761346998535871,0,10.7037666666667,1,3,0,0,0,0,0,0,0,0,0.0,,0,11.893766666666698,0,0,1,10,0.0,23.1084833333333,0,2,14502,424.65592972181605,0.302894857763482,0.287123355495827,10,0.292825768667643,0.0714285714285714,9,0.263543191800878,4,4, , ,14198,285.283748169839,13850,-0.133108677337826,336,21,19,0,10.453879941434801,3132,3708,-576,4969,6153,-1184,3406,3578,-172,81,96,-15,138,148,-10
603,1002490218,https://matchhistory.na.leagueoflegends.com/en/#match-details/TRLH4/1002490218?gameHash=ce87539c384259bf&tab=overview,WC,2018-W,43384.2034837963,G,2,8.19,4,Blue,ADC,Rikara,100 Thieves,Kai'Sa,Akali,Pyke,Tristana,LeBlanc,Yasuo,27.15,0,1,3,0,1,16,0,0,0,0,0,0,0,11.3544166666667,0.0368324125230203,0.0368324125230203,0.626151012891344,0,6.02501666666667,0,3,0,0,0,0,0,0,0,0,1.0,,0,12.253433333333302,0,0,1,11,0.0,23.902133333333303,0,1,6990,257.458563535912,0.190173032974208,0.272752324552199,11,0.40515653775322297,0.132530120481928,5,0.184162062615101,3,3, , ,9577,220.19300184162103,8425,-0.291508238276299,239,7,7,0,9.06077348066298,3158,3431,-273,4885,6110,-1225,3050,3629,-579,80,97,-17,121,158,-37
615,1002490224,https://matchhistory.na.leagueoflegends.com/en/#match-details/TRLH4/1002490224?gameHash=a8a10c4e4ad01d43&tab=overview,WC,2018-W,43384.2417708333,G,2,8.19,4,Blue,ADC,JackeyLove,Invictus Gaming,Kai'Sa,Gragas,Alistar,Urgot,Ornn,Lissandra,27.9,1,5,2,7,13,4,1,1,0,0,0,1,0,9.58811666666667,0.17921146953405,0.0,0.609318996415771,0,10.6158333333333,2,1,0,0,0,0,0,0,0,0,0.0,,0,15.390316666666699,1,0,7,3,1.0,24.9432666666667,1,0,14899,534.014336917563,0.287686574369075,0.24054706633093,7,0.25089605734767,0.0958904109589041,11,0.39426523297491,2,3, , ,12059,299.94408602150503,9375,0.161383285302594,262,8,8,0,9.677419354838712,3247,3256,-9,4942,4743,199,3091,3275,-184,82,83,-1,135,127,8
632,1002490230,https://matchhistory.na.leagueoflegends.com/en/#match-details/TRLH4/1002490230?gameHash=60b15edc146a4b24&tab=overview,WC,2018-W,43384.2809953704,G,2,8.19,9,Red,ADC,Sneaky,Cloud9,Kai'Sa,Tahm Kench,Irelia,Urgot,Syndra,Sion,47.55,1,6,3,7,17,16,0,0,0,0,0,0,0,3.17098333333333,0.126182965299685,0.14721345951629902,0.694006309148265,0,22.854933333333303,4,0,0,0,0,0,0,0,0,0,0.0,,0,13.332616666666699,0,0,8,8,0.0,27.661833333333302,1,2,33425,702.9442691903259,0.30845399259895,0.271655038978646,16,0.336487907465825,0.0930232558139535,19,0.39957939011566795,7,7, , ,21484,323.623133543638,19025,-0.177463776793198,409,21,21,0,9.04311251314406,3035,3455,-420,5134,5967,-833,2673,3029,-356,76,79,-3,132,135,-3
651,1002490250,https://matchhistory.na.leagueoflegends.com/en/#match-details/TRLH4/1002490250?gameHash=b4db2ea4a2de11a9&tab=overview,WC,2018-W,43385.0851041667,G,3,8.19,4,Blue,ADC,Breeze,MAD Team,Kai'Sa,Akali,Xayah,Alistar,Kindred,Ryze,26.25,0,1,1,0,2,14,0,0,0,0,0,0,0,8.1714,0.0380952380952381,0.0761904761904762,0.60952380952381,0,6.7829,0,3,0,0,0,0,0,0,0,0,0.0,,0,10.63515,0,0,0,10,0.0,21.4874333333333,0,1,3984,151.771428571429,0.14749000444247,0.302199535962877,6,0.22857142857142898,0.0625,7,0.266666666666667,0,0, , ,10001,248.091428571429,9950,-0.12042502951593902,239,15,12,0,9.67619047619048,3162,3480,-318,4725,6312,-1587,2937,3460,-523,80,98,-18,125,153,-28
663,1002490264,https://matchhistory.na.leagueoflegends.com/en/#match-details/TRLH4/1002490264?gameHash=731c41a2e8cd3826&tab=overview,WC,2018-W,43385.1492361111,G,3,8.19,4,Blue,ADC,Doublelift,Team Liquid,Kai'Sa,Irelia,Akali,Xayah,Taliyah,Syndra,27.733333333333302,0,0,3,4,5,16,0,0,0,0,0,0,1,6.18546666666667,0.0,0.14423076923076902,0.757211538461538,0,13.184716666666699,1,1,0,0,0,0,0,0,0,0,,,0,16.37125,0,0,1,8,0.0,23.8217833333333,0,1,10459,377.12740384615404,0.27328786809856,0.261438617329856,10,0.36057692307692296,0.12345679012345698,11,0.396634615384615,3,3, , ,9745,219.044711538462,9675,-0.43478260869565205,242,12,9,0,9.158653846153848,3240,3525,-285,5082,6368,-1286,3156,3301,-145,71,89,-18,127,156,-29
680,1002490278,https://matchhistory.na.leagueoflegends.com/en/#match-details/TRLH4/1002490278?gameHash=7fde5889c23a5bbb&tab=overview,WC,2018-W,43385.184826388904,G,3,8.19,9,Red,ADC,JackeyLove,Invictus Gaming,Kai'Sa,Alistar,Pyke,Urgot,LeBlanc,Skarner,27.283333333333303,1,11,1,8,21,9,1,1,1,0,0,1,0,3.50688333333333,0.40317654245571205,0.109957238851558,1.0995723885155801,0,16.5564833333333,1,1,0,1,0,0,0,0,0,0,1.0,,0,8.54471666666667,1,1,9,2,1.0,24.0653166666667,1,0,21715,795.9071472205251,0.320881296824435,0.296217762860857,13,0.47648136835675003,0.1625,10,0.36652412950519203,7,7, , ,14506,399.178497251069,12925,0.14968814968815,243,8,8,0,9.19975565058033,4103,4176,-73,6349,5924,425,3356,3406,-50,81,71,10,139,123,16
692,1002490286,https://matchhistory.na.leagueoflegends.com/en/#match-details/TRLH4/1002490286?gameHash=abecd278d015fecb&tab=overview,WC,2018-W,43385.22,G,3,8.19,9,Red,ADC,Stitch,G-Rex,Kai'Sa,Aatrox,Taliyah,Alistar,Ryze,Syndra,37.95,0,6,5,2,10,23,0,0,0,0,0,0,1,7.75791666666667,0.158102766798419,0.23715415019762803,0.8695652173913041,0,13.156033333333301,0,3,0,1,0,0,0,0,0,0,1.0,,0,8.17925,1,0,2,11,0.0,29.1226666666667,0,1,28614,753.99209486166,0.404621171413219,0.330835195010705,17,0.447957839262187,0.131782945736434,11,0.289855072463768,6,6, , ,16294,299.692226613966,13850,-0.23285486443381198,345,28,16,4,9.82872200263505,3228,3477,-249,5050,5294,-244,3121,2740,381,87,73,14,138,131,7
747,1002490346,https://matchhistory.na.leagueoflegends.com/en/#match-details/TRLH4/1002490346?gameHash=577a51ca1af3a4a3&tab=overview,WC,2018-W,43386.1904513889,G,4,8.19,4,Blue,ADC,JackeyLove,Invictus Gaming,Kai'Sa,Aatrox,Urgot,Tahm Kench,LeBlanc,Kindred,20.4333333333333,1,6,0,7,15,7,2,0,0,0,0,0,0,2.38473333333333,0.293637846655791,0.0,1.07667210440457,0,17.5022666666667,1,0,0,0,0,0,0,0,0,0,1.0,,1,12.518683333333302,1,1,8,1,,,0,0,12885,630.587275693312,0.387390637683774,0.287010815349615,7,0.34257748776509,0.137254901960784,6,0.293637846655791,2,2, , ,10775,391.436867862969,8350,0.32752613240418105,201,3,3,0,9.9836867862969,3637,3176,461,6445,4933,1512,3365,3084,281,93,81,12,147,135,12
759,1002490356,https://matchhistory.na.leagueoflegends.com/en/#match-details/TRLH4/1002490356?gameHash=37b3e7348b76218a&tab=overview,WC,2018-W,43386.2248958333,G,4,8.19,4,Blue,ADC,Stitch,G-Rex,Kai'Sa,Irelia,Akali,Rakan,LeBlanc,Olaf,24.1166666666667,0,1,4,4,5,16,0,0,0,0,0,0,0,4.03973333333333,0.0414651002073255,0.20732550103662803,0.8707671043538359,0,8.01545,0,2,0,0,0,0,0,0,0,0,0.0,,0,11.947616666666699,0,0,1,9,0.0,21.52585,0,1,8570,355.35590877678004,0.338040391290628,0.243198269731009,7,0.29025570145127805,0.0972222222222222,4,0.165860400829302,1,2, , ,8220,207.015342087077,8000,-0.212290502793296,211,8,8,0,9.08085694540428,3169,3827,-658,4849,5870,-1021,2818,3511,-693,68,87,-19,120,144,-24
800,1002490385,https://matchhistory.na.leagueoflegends.com/en/#match-details/TRLH4/1002490385?gameHash=12375fe73567b08f&tab=overview,WC,2018-W,43387.096875,G,5,8.19,9,Red,ADC,Uzi,Royal Never Give Up,Kai'Sa,LeBlanc,Akali,Urgot,Varus,Nocturne,32.2,0,4,0,0,9,13,0,0,0,0,1,0,0,3.10461666666667,0.12422360248447198,0.18633540372670798,0.6832298136645961,0,7.60723333333333,3,1,1,1,0,1,0,0,0,0,0.0,,1,13.726033333333302,0,0,3,8,0.0,27.8149333333333,0,1,12091,375.49689440993797,0.314231508914185,0.337476423752199,13,0.40372670807453404,0.131313131313131,6,0.18633540372670798,4,4, , ,14881,331.183850931677,14850,-0.0282157676348548,309,56,44,4,11.3354037267081,3514,3293,221,6008,5980,28,3093,3245,-152,79,89,-10,140,129,11
824,1002490409,https://matchhistory.na.leagueoflegends.com/en/#match-details/TRLH4/1002490409?gameHash=b703b9578e5896b4&tab=overview,WC,2018-W,43387.194525463,G,5,8.19,9,Red,ADC,Ruler,Gen.G,Kai'Sa,Sion,Nocturne,Thresh,Xin Zhao,Kindred,34.85,0,2,2,0,6,12,0,0,0,0,0,0,0,8.60998333333333,0.0573888091822095,0.0860832137733142,0.516499282639885,0,8.28708333333333,2,1,0,0,0,0,0,0,0,0,0.0,,0,9.20756666666667,0,0,3,8,,,0,0,12877,369.497847919656,0.296206841027764,0.283433918520023,15,0.430416068866571,0.120967741935484,20,0.573888091822095,5,5, , ,14028,272.216929698709,13925,-0.0265721877767936,341,24,20,0,10.473457675753199,3363,3473,-110,5527,5379,148,3441,3455,-14,92,96,-4,148,149,-1
836,1002490417,https://matchhistory.na.leagueoflegends.com/en/#match-details/TRLH4/1002490417?gameHash=30a3d834c90023c8&tab=overview,WC,2018-W,43387.2356597222,G,5,8.19,9,Red,ADC,Uzi,Royal Never Give Up,Kai'Sa,Nocturne,Draven,Thresh,Aatrox,LeBlanc,30.05,0,0,2,4,4,13,0,0,0,0,0,0,0,8.45721666666667,0.0,0.133111480865225,0.5657237936772049,0,10.47525,1,2,0,1,0,0,0,0,0,0,1.0,,1,12.0647666666667,0,0,3,8,0.0,27.252583333333302,0,1,11657,387.920133111481,0.287302213240006,0.279591151506633,12,0.399334442595674,0.130434782608696,8,0.26622296173044896,4,5, , ,11115,238.312146422629,9650,-0.130750605326877,274,13,13,0,9.550748752079869,3109,3057,52,4887,5062,-175,3238,3284,-46,75,68,7,123,117,6
884,1002490445,https://matchhistory.na.leagueoflegends.com/en/#match-details/TRLH4/1002490445?gameHash=feebe9a13d464c21&tab=overview,WC,2018-W,43388.098715277796,G,6,8.19,9,Red,ADC,Betty,Flash Wolves,Kai'Sa,Alistar,Urgot,Camille,Swain,Ryze,31.05,0,0,0,1,1,5,0,0,0,0,0,0,0,9.49263333333333,0.0,0.0966183574879227,0.193236714975845,1,11.278083333333301,1,2,1,0,0,0,0,1,0,0,0.0,,0,13.795966666666699,0,0,0,7,,,0,0,7630,245.73268921095,0.275710052757101,0.272346040123359,12,0.38647342995169104,0.106194690265487,16,0.5152979066022539,4,4, , ,10929,220.704669887279,10750,-0.0846325167037862,279,23,14,0,9.726247987117551,2985,3426,-441,4814,5317,-503,2840,3329,-489,70,94,-24,128,148,-20
932,1002490482,https://matchhistory.na.leagueoflegends.com/en/#match-details/TRLH4/1002490482?gameHash=41641e904c94c46e&tab=overview,WC,2018-W,43388.2921412037,G,6,8.19,9,Red,ADC,BigKoro,Phong Vu Buffalo,Kai'Sa,Alistar,Tahm Kench,Urgot,Varus,Xayah,41.95,1,10,5,7,23,26,1,0,0,0,0,0,0,2.0676,0.23837902264600697,0.23837902264600697,1.16805721096544,0,12.925466666666699,2,3,0,0,0,0,0,0,1,0,1.0,,1,12.861666666666698,1,1,10,7,1.0,31.1733666666667,2,0,37559,895.327771156138,0.284568060248814,0.258862380100797,19,0.452920143027414,0.113095238095238,27,0.6436233611442189,6,7, , ,20696,364.37949940405196,18610,0.009990549480221409,341,40,29,3,9.08224076281287,3285,3034,251,5926,5005,921,3135,2982,153,79,61,18,114,107,7
944,1002490488,https://matchhistory.na.leagueoflegends.com/en/#match-details/TRLH4/1002490488?gameHash=6cf78fb31d528217&tab=overview,WC,2018-W,43388.3376736111,G,6,8.19,9,Red,ADC,Kramer,Afreeca Freecs,Kai'Sa,Heimerdinger,Akali,Urgot,Syndra,Lissandra,40.066666666666706,1,5,1,10,16,6,2,1,0,0,0,1,0,9.0608,0.124792013311148,0.0249584026622296,0.549084858569052,0,13.389383333333301,2,2,0,0,0,0,0,0,0,0,1.0,,0,10.5529666666667,1,0,8,7,0.0,27.4692,1,1,23423,584.600665557404,0.356422234733783,0.294718385008432,20,0.499168053244592,0.11834319526627197,21,0.524126455906822,7,7, , ,19265,351.545091514143,17875,0.03125,384,47,35,6,10.757071547421,3579,3342,237,5270,5557,-287,3288,3133,155,91,93,-2,139,151,-12
968,1002490513,https://matchhistory.na.leagueoflegends.com/en/#match-details/TRLH4/1002490513?gameHash=e26d26f632b67b1f&tab=overview,WC,2018-W,43389.0972106481,G,7,8.19,9,Red,ADC,Deft,KT Rolster,Kai'Sa,Sion,Tahm Kench,Shen,Galio,Ornn,26.85,1,6,0,3,12,4,2,1,0,0,1,0,0,6.8961833333333304,0.223463687150838,0.037243947858473,0.595903165735568,0,6.34858333333333,1,2,0,1,0,0,0,0,0,0,1.0,,1,12.460516666666699,1,1,8,3,1.0,24.3542333333333,1,0,13775,513.035381750465,0.296772664598414,0.324990842714464,11,0.40968342644320294,0.11702127659574499,6,0.223463687150838,3,3, , ,14209,396.53482309124803,12435,0.226997985224983,277,29,13,8,11.3966480446927,3744,3154,590,5493,4861,632,3243,3036,207,94,84,10,146,137,9
980,1002490525,https://matchhistory.na.leagueoflegends.com/en/#match-details/TRLH4/1002490525?gameHash=f3468bcc17735d56&tab=overview,WC,2018-W,43389.1495601852,G,7,8.19,9,Red,ADC,iBOY,Edward Gaming,Kai'Sa,Tahm Kench,Aatrox,Taliyah,Varus,Sivir,39.85,1,11,2,11,24,7,3,1,0,0,0,0,1,2.7628666666666697,0.27603513174404,0.0501882057716437,0.777917189460477,1,10.5964333333333,2,2,1,0,1,0,0,0,0,0,1.0,,1,16.4368333333333,1,1,11,0,1.0,27.954,2,0,46298,1161.8067754077802,0.439505985323853,0.289527466080486,18,0.45169385194479295,0.125,28,0.7026348808030111,8,8, , ,20748,391.33651191969903,19000,0.231487462563862,355,59,40,12,10.3889585947302,3282,3552,-270,5316,5452,-136,3403,3319,84,87,88,-1,158,147,11
992,1002490532,https://matchhistory.na.leagueoflegends.com/en/#match-details/TRLH4/1002490532?gameHash=d85338141d2072c0&tab=overview,WC,2018-W,43389.192719907405,G,7,8.19,9,Red,ADC,Doublelift,Team Liquid,Kai'Sa,Irelia,Alistar,Urgot,Camille,Sion,33.2833333333333,1,5,0,3,13,6,0,0,0,0,0,0,0,6.80821666666667,0.150225338007011,0.0600901352028042,0.57085628442664,0,9.06115,4,0,1,0,0,0,0,1,0,0,0.0,,0,17.39875,0,0,11,3,1.0,24.1567,2,0,18643,560.130195292939,0.365112316640881,0.286450094246882,15,0.4506760140210321,0.126050420168067,15,0.4506760140210321,4,4, , ,17054,381.708162243365,15400,0.18633540372670798,346,44,9,20,11.7175763645468,3598,3207,391,5765,5202,563,2967,3137,-170,84,86,-2,157,150,7
999,1002490539,https://matchhistory.na.leagueoflegends.com/en/#match-details/TRLH4/1002490539?gameHash=b0f854a436fad83b&tab=overview,WC,2018-W,43389.2325347222,G,7,8.19,4,Blue,ADC,iBOY,Edward Gaming,Kai'Sa,Aatrox,Tahm Kench,Nocturne,Lissandra,Galio,36.566666666666706,1,5,3,12,18,13,1,1,0,0,0,0,1,5.6038,0.136736554238833,0.109389243391067,0.847766636280766,1,13.047866666666698,2,2,1,1,0,0,1,0,0,0,1.0,,0,13.055016666666699,1,0,9,3,1.0,28.354583333333302,2,0,23457,641.485870556062,0.335959095401097,0.279041133253384,12,0.3281677301732,0.0991735537190083,15,0.4102096627165,3,3, , ,17642,352.524339106654,16125,0.0941558441558442,337,74,35,25,11.2397447584321,3165,3743,-578,6019,5881,138,2854,2855,-1,75,73,2,136,111,25
1023,1002490550,https://matchhistory.na.leagueoflegends.com/en/#match-details/TRLH4/1002490550?gameHash=676d43b14d612cb0&tab=overview,WC,2018-W,43389.3131481481,G,7,8.19,4,Blue,ADC,Deft,KT Rolster,Kai'Sa,Tahm Kench,Urgot,Rakan,Syndra,Kindred,24.966666666666697,1,8,0,2,16,4,1,1,1,0,0,0,0,2.5382166666666697,0.32042723631508696,0.0,0.8010680907877171,0,14.378583333333301,2,0,0,0,0,0,0,0,0,0,1.0,,1,11.433383333333301,1,1,8,3,1.0,21.7557333333333,1,0,14869,595.554072096128,0.395767899920149,0.288741690604411,14,0.5607476635514019,0.172839506172839,7,0.28037383177570097,6,6, , ,13122,392.142056074766,10050,0.330434782608696,252,12,8,0,10.5740987983979,3774,2893,881,6655,4610,2045,3446,2979,467,95,71,24,162,123,39
1040,1002490569,https://matchhistory.na.leagueoflegends.com/en/#match-details/TRLH4/1002490569?gameHash=ea661486276a3438&tab=overview,WC,2018-W,43390.0927893519,G,8,8.19,9,Red,ADC,Rikara,100 Thieves,Kai'Sa,Akali,Rakan,Aatrox,Ornn,Shen,32.3333333333333,0,0,4,2,4,14,0,0,0,0,0,0,0,4.89626666666667,0.0,0.0927835051546392,0.556701030927835,0,12.60645,1,2,0,0,0,0,0,0,0,0,0.0,,0,16.5495,0,0,1,9,0.0,29.923733333333303,0,1,8137,251.659793814433,0.190637958906356,0.247354687440911,12,0.37113402061855705,0.106194690265487,8,0.247422680412371,4,4, , ,10774,202.292783505155,9450,-0.340285400658617,273,20,20,0,9.061855670103089,3209,3384,-175,4851,5255,-404,2994,3158,-164,86,95,-9,131,149,-18
1052,1002490580,https://matchhistory.na.leagueoflegends.com/en/#match-details/TRLH4/1002490580?gameHash=5933dfa62496f6b2&tab=overview,WC,2018-W,43390.153090277796,G,8,8.19,9,Red,ADC,JackeyLove,Invictus Gaming,Kai'Sa,Alistar,Nocturne,Gragas,LeBlanc,Skarner,25.533333333333303,1,3,1,2,13,5,1,0,0,0,0,0,0,5.08526666666667,0.117493472584856,0.0391644908616188,0.7049608355091379,0,12.91355,1,1,0,0,0,0,0,0,0,0,1.0,,1,12.9999,1,1,10,0,1.0,22.0174,1,0,10472,410.130548302872,0.248481397114655,0.226562491317177,8,0.31331592689295,0.13114754098360698,5,0.195822454308094,3,3, , ,11555,319.351958224543,11075,0.19851116625310197,265,12,12,0,10.848563968668401,3454,3405,49,5382,5253,129,3268,3219,49,98,96,2,156,155,1
1076,1002490594,https://matchhistory.na.leagueoflegends.com/en/#match-details/TRLH4/1002490594?gameHash=be4ec1cc4cccaf05&tab=overview,WC,2018-W,43390.224513888905,G,8,8.19,9,Red,ADC,JackeyLove,Invictus Gaming,Kai'Sa,Urgot,Aatrox,Alistar,Kindred,Taliyah,29.35,1,3,4,8,21,12,1,0,0,0,0,0,0,4.4213333333333305,0.10221465076661,0.0340715502555366,1.12436115843271,0,15.1406,2,0,0,0,0,0,0,0,0,0,,,0,14.12165,1,1,10,2,1.0,24.4853,1,0,12586,428.824531516184,0.159763388720344,0.205585785574415,8,0.272572402044293,0.0930232558139535,12,0.40885860306644,3,3, , ,12981,310.492674616695,12950,0.299667036625971,266,20,20,0,9.744463373083471,3448,2844,604,5592,4744,848,3263,2936,327,95,68,27,148,118,30
1095,1002490615,https://matchhistory.na.leagueoflegends.com/en/#match-details/TRLH4/1002490615?gameHash=02f8f95fcb04c46a&tab=overview,WC,2018-W,43390.3061689815,G,8,8.19,4,Blue,ADC,JackeyLove,Invictus Gaming,Kai'Sa,Swain,Tahm Kench,Sion,Sivir,Xayah,28.716666666666697,0,1,4,1,4,15,0,0,0,0,0,0,0,6.42063333333333,0.0348229831688915,0.174114915844457,0.661636680208938,0,16.9360166666667,1,1,0,0,0,0,0,0,0,0,0.0,,0,15.558616666666698,0,0,1,8,0.0,26.502616666666697,0,1,8010,278.932095182821,0.186131895710369,0.253533309087459,9,0.313406848520023,0.0841121495327103,8,0.278583865351132,3,3, , ,10204,223.33650609402198,9375,-0.273878020713464,257,12,12,0,9.3673824724318,3405,3400,5,5125,5172,-47,3337,3417,-80,96,88,8,148,147,1
